country,EXT,EST,AGR,CSN,OPN,Ladder score,upperwhisker,owerwhisker,Explained by: Log GDP per capita,Explained by: Social support,Explained by: Healthy life expectancy,Explained by: Freedom to make life choices,Explained by: Generosity,Explained by: Perceptions of corruption,Dystopia + residual
America,24.892310241177725,21.550590518567606,33.90610873115429,29.385955362003266,35.38427492840406,6.724999999999997,6.818,6.631,1.939,1.3919999999999997,0.5419999999999999,0.5860000000000002,0.22299999999999995,0.169,1.8730000000000004
Australia,25.147714220078107,21.496439237307605,33.4833448196646,28.779692166322075,34.563289685274526,7.057000000000001,7.140999999999999,6.972999999999999,1.8539999999999996,1.4610000000000003,0.692,0.7560000000000001,0.22500000000000003,0.32299999999999995,1.7450000000000006
Britain,24.305550629544246,20.01134953005852,32.32878169888278,27.479872317786842,35.604717148430574,6.7490000000000006,6.832999999999999,6.665000000000002,1.8219999999999996,1.3260000000000003,0.6719999999999999,0.713,0.26699999999999996,0.351,1.5980000000000003
Canada,24.4142091152815,21.38739946380697,33.484584450402146,28.70531724754245,35.436550491510275,6.8999999999999995,6.984,6.814999999999999,1.84,1.459,0.7009999999999998,0.73,0.23,0.36799999999999994,1.5719999999999998
India,25.195818459969402,21.44314125446201,33.04946455889852,29.418663946965832,34.110147883732786,4.054000000000001,4.122999999999998,3.9849999999999994,1.1660000000000001,0.6530000000000001,0.41699999999999987,0.7669999999999999,0.17399999999999996,0.12199999999999996,0.756
